location,total_vaccinations,total_boosters
China,3300328000.0,719324000.0
Germany,131000294.68421052,23493463.333333332
India,1821370013.3666666,23035649.96
United Kingdom,129027564.34632035,28656275.904761903
United States,406418198.002,42569407.02
